{
  "results": [
    {
      "timestamp": "2025-10-04T11:19:10.235Z",
      "description": "PBB00015421786",
      "transaction_type": "DEBIT",
      "transaction_category": "TRANSFER",
      "transaction_classification": [],
      "amount": -9.84,
      "currency": "GBP",
      "transaction_id": "6e10e6b98b5597dde6dde0bc4d8b110f",
      "provider_transaction_id": "7bc7321d-384f-4be0-b2d7-b84056214074",
      "normalised_provider_transaction_id": "txn-f25de43aee7637165",
      "meta": {
        "provider_merchant_name": "Capital One",
        "provider_category": "FASTER_PAYMENTS_OUT",
        "transaction_type": "Debit",
        "provider_id": "7bc7321d-384f-4be0-b2d7-b84056214074",
        "counter_party_preferred_name": "Account"
      },
      "generalCategory": "Banking",
      "subCategory": "Transfers",
      "domainDescription": "This transaction represents a debit transfer processed through Capital One, likely to another bank account."
    },
    {
      "timestamp": "2025-10-04T11:17:50.355Z",
      "description": "Transfer from Easy Saver",
      "transaction_type": "CREDIT",
      "transaction_category": "OTHER",
      "transaction_classification": [],
      "amount": 9.5,
      "currency": "GBP",
      "transaction_id": "fc8f820b22463c820842e0c477a0a1aa",
      "provider_transaction_id": "7bc5e146-529a-4d6a-b3df-dcbbce7e0546",
      "normalised_provider_transaction_id": "txn-40751090e90e9e58c",
      "meta": {
        "provider_merchant_name": "Virendra Vyas",
        "provider_category": "ON_US_PAY_ME",
        "transaction_type": "Credit",
        "provider_id": "7bc5e146-529a-4d6a-b3df-dcbbce7e0546"
      },
      "generalCategory": "Banking",
      "subCategory": "Savings",
      "domainDescription": "This transaction indicates a credit transfer from an Easy Saver account, likely reflecting interest or a payment received."
    }
  ],
  "status": "Succeeded"
}