{
    "results": [
        {
            "timestamp": "2025-10-04T11:19:10.235Z",
            "description": "PBB00015421786",
            "transaction_type": "DEBIT",
            "transaction_category": "TRANSFER",
            "transaction_classification": [],
            "amount": -9.84,
            "currency": "GBP",
            "transaction_id": "6e10e6b98b5597dde6dde0bc4d8b110f",
            "provider_transaction_id": "7bc7321d-384f-4be0-b2d7-b84056214074",
            "normalised_provider_transaction_id": "txn-f25de43aee7637165",
            "meta": {
                "provider_merchant_name": "Capital One",
                "provider_category": "FASTER_PAYMENTS_OUT",
                "transaction_type": "Debit",
                "provider_id": "7bc7321d-384f-4be0-b2d7-b84056214074",
                "counter_party_preferred_name": "Account"
            },
            "generalCategory": "Miscellaneous",
            "subCategory": "Transfer",
            "domainDescription": "This transaction represents a transfer of funds, indicating a movement of money rather than a purchase or payment for goods or services."
        },
        {
            "timestamp": "2025-10-04T11:17:50.355Z",
            "description": "Transfer from Easy Saver",
            "transaction_type": "CREDIT",
            "transaction_category": "OTHER",
            "transaction_classification": [],
            "amount": 9.5,
            "currency": "GBP",
            "transaction_id": "fc8f820b22463c820842e0c477a0a1aa",
            "provider_transaction_id": "7bc5e146-529a-4d6a-b3df-dcbbce7e0546",
            "normalised_provider_transaction_id": "txn-40751090e90e9e58c",
            "meta": {
                "provider_merchant_name": "Virendra Vyas",
                "provider_category": "ON_US_PAY_ME",
                "transaction_type": "Credit",
                "provider_id": "7bc5e146-529a-4d6a-b3df-dcbbce7e0546"
            },
            "generalCategory": "Savings",
            "subCategory": "Savings Transfer",
            "domainDescription": "This transaction represents a transfer from an Easy Saver account, indicating a movement of funds into savings."
        },
        {
            "timestamp": "2025-10-04T04:31:45Z",
            "description": "STAGECOACH SERVICES",
            "transaction_type": "DEBIT",
            "transaction_category": "PURCHASE",
            "transaction_classification": [],
            "amount": -3,
            "currency": "GBP",
            "transaction_id": "89bfc307641801d74c62513d5e553cf4",
            "provider_transaction_id": "7a2fcf46-19ea-4306-a2b5-0b93ad04c661",
            "normalised_provider_transaction_id": "txn-3054ecdc659e1f1d2",
            "meta": {
                "provider_merchant_name": "Stagecoach",
                "provider_category": "MASTER_CARD",
                "transaction_type": "Debit",
                "provider_id": "7a2fcf46-19ea-4306-a2b5-0b93ad04c661"
            },
            "generalCategory": "Transportation",
            "subCategory": "Public Transport",
            "domainDescription": "This transaction represents a payment for transportation services provided by Stagecoach, likely for bus or coach travel."
        },
        {
            "timestamp": "2025-10-03T18:06:15.394Z",
            "description": "Transfer from Easy Saver",
            "transaction_type": "CREDIT",
            "transaction_category": "OTHER",
            "transaction_classification": [],
            "amount": 0.5,
            "currency": "GBP",
            "transaction_id": "12d41437b580080d30d0e5143a8fcb91",
            "provider_transaction_id": "77beb307-aba5-4a7b-b0ae-393c1bd8cbed",
            "normalised_provider_transaction_id": "txn-d8047044fbfe2f68e",
            "meta": {
                "provider_merchant_name": "Virendra Vyas",
                "provider_category": "ON_US_PAY_ME",
                "transaction_type": "Credit",
                "provider_id": "77beb307-aba5-4a7b-b0ae-393c1bd8cbed"
            },
            "generalCategory": "Savings",
            "subCategory": "Interest Income",
            "domainDescription": "This transaction represents a small interest income credited from an Easy Saver account."
        },
        {
            "timestamp": "2025-10-03T18:05:43.523Z",
            "description": "Transfer from Easy Saver",
            "transaction_type": "CREDIT",
            "transaction_category": "OTHER",
            "transaction_classification": [],
            "amount": 0.49,
            "currency": "GBP",
            "transaction_id": "86794865f543da43cc67c798d6c7893f",
            "provider_transaction_id": "77bdf7e6-a1bd-4f2a-9b9f-83274e1356ee",
            "normalised_provider_transaction_id": "txn-fd227581135d7217a",
            "meta": {
                "provider_merchant_name": "Virendra Vyas",
                "provider_category": "ON_US_PAY_ME",
                "transaction_type": "Credit",
                "provider_id": "77bdf7e6-a1bd-4f2a-9b9f-83274e1356ee"
            },
            "generalCategory": "Savings",
            "subCategory": "Interest Income",
            "domainDescription": "This transaction represents a small interest income credited from an Easy Saver account."
        },
        {
            "timestamp": "2025-10-02T12:49:19.371Z",
            "description": "PID",
            "transaction_type": "DEBIT",
            "transaction_category": "TRANSFER",
            "transaction_classification": [],
            "amount": -40,
            "currency": "GBP",
            "transaction_id": "5dc896effa4dd8a9c736da598ef74d92",
            "provider_transaction_id": "70e1c8da-f442-44be-a305-1c3dcefe6da4",
            "normalised_provider_transaction_id": "txn-4148ddc28437aeee7",
            "meta": {
                "provider_merchant_name": "Payal Dhavale",
                "provider_category": "FASTER_PAYMENTS_OUT",
                "transaction_type": "Debit",
                "provider_id": "70e1c8da-f442-44be-a305-1c3dcefe6da4",
                "counter_party_preferred_name": "GB Account"
            },
            "generalCategory": "Miscellaneous",
            "subCategory": "Transfer",
            "domainDescription": "This transaction represents a transfer of funds, typically used for personal or business purposes."
        },
        {
            "timestamp": "2025-10-02T12:47:49.387Z",
            "description": "Transfer from Easy Saver",
            "transaction_type": "CREDIT",
            "transaction_category": "OTHER",
            "transaction_classification": [],
            "amount": 40,
            "currency": "GBP",
            "transaction_id": "c1543f5ee58da847cf0b2ef7199923bf",
            "provider_transaction_id": "70df48f1-b999-4d39-92ad-74c0f7674ae3",
            "normalised_provider_transaction_id": "txn-ccbeb3cec4d904074",
            "meta": {
                "provider_merchant_name": "Virendra Vyas",
                "provider_category": "ON_US_PAY_ME",
                "transaction_type": "Credit",
                "provider_id": "70df48f1-b999-4d39-92ad-74c0f7674ae3"
            },
            "generalCategory": "Savings",
            "subCategory": "Savings Transfer",
            "domainDescription": "This transaction represents a transfer of funds from an Easy Saver account, indicating a movement of savings."
        },
        {
            "timestamp": "2025-10-02T12:41:31Z",
            "description": "VEYGO INSURANCE",
            "transaction_type": "DEBIT",
            "transaction_category": "PURCHASE",
            "transaction_classification": [],
            "amount": -22.12,
            "currency": "GBP",
            "transaction_id": "df25bad96da405b866d206d686364941",
            "provider_transaction_id": "70d98185-57e9-424c-b48a-dccd385d45c8",
            "normalised_provider_transaction_id": "txn-3f6e9e2ee3d651c13",
            "meta": {
                "provider_merchant_name": "Veygo",
                "provider_category": "MASTER_CARD",
                "transaction_type": "Debit",
                "provider_id": "70d98185-57e9-424c-b48a-dccd385d45c8"
            },
            "generalCategory": "Utilities",
            "subCategory": "Insurance",
            "domainDescription": "This transaction represents a payment for vehicle insurance through VEYGO, indicating a necessary expense for maintaining insurance coverage."
        },
        {
            "timestamp": "2025-10-02T12:40:02.296Z",
            "description": "Transfer from Easy Saver",
            "transaction_type": "CREDIT",
            "transaction_category": "OTHER",
            "transaction_classification": [],
            "amount": 10,
            "currency": "GBP",
            "transaction_id": "45cdcd4b4443cd99d505e9ad89b75d45",
            "provider_transaction_id": "70d879a9-b062-49fb-ae92-1ee30decce89",
            "normalised_provider_transaction_id": "txn-9f4f27c603744b111",
            "meta": {
                "provider_merchant_name": "Virendra Vyas",
                "provider_category": "ON_US_PAY_ME",
                "transaction_type": "Credit",
                "provider_id": "70d879a9-b062-49fb-ae92-1ee30decce89"
            },
            "generalCategory": "Savings",
            "subCategory": "Savings Transfer",
            "domainDescription": "This transaction represents a transfer of funds from an Easy Saver account, indicating a movement of savings."
        },
        {
            "timestamp": "2025-10-01T13:32:13.324Z",
            "description": "CarFullPay",
            "transaction_type": "DEBIT",
            "transaction_category": "TRANSFER",
            "transaction_classification": [],
            "amount": -350,
            "currency": "GBP",
            "transaction_id": "1c81fe7fb1111f7ca1c8235401b5bcad",
            "provider_transaction_id": "6b6ccf0c-db59-415c-b7e0-e757dce6abed",
            "normalised_provider_transaction_id": "txn-5b5153a3ddbcad41e",
            "meta": {
                "provider_merchant_name": "Trifon Hoxha",
                "provider_category": "FASTER_PAYMENTS_OUT",
                "transaction_type": "Debit",
                "provider_id": "6b6ccf0c-db59-415c-b7e0-e757dce6abed",
                "counter_party_preferred_name": "Barclays account"
            },
            "generalCategory": "Transportation",
            "subCategory": "Vehicle Expenses",
            "domainDescription": "This transaction represents a payment made for a car-related expense, likely covering costs such as loan repayment or lease payment."
        },
        {
            "timestamp": "2025-09-29T22:39:21Z",
            "description": "000*TRIP.COM",
            "transaction_type": "DEBIT",
            "transaction_category": "PURCHASE",
            "transaction_classification": [],
            "amount": -41.56,
            "currency": "GBP",
            "transaction_id": "db048d339c1704d94d6ce2cce644a01d",
            "provider_transaction_id": "624f6705-7e85-4c3e-88b5-b2e2251f17f9",
            "normalised_provider_transaction_id": "txn-0dd5b2185cf3e8ba9",
            "meta": {
                "provider_merchant_name": "Trip.com",
                "provider_category": "MASTER_CARD",
                "transaction_type": "Debit",
                "provider_id": "624f6705-7e85-4c3e-88b5-b2e2251f17f9"
            },
            "generalCategory": "Travel",
            "subCategory": "Travel Booking",
            "domainDescription": "This transaction represents a payment made for a travel booking through Trip.com."
        },
        {
            "timestamp": "2025-09-29T22:38:07.947Z",
            "description": "Transfer from Easy Saver",
            "transaction_type": "CREDIT",
            "transaction_category": "OTHER",
            "transaction_classification": [],
            "amount": 40,
            "currency": "GBP",
            "transaction_id": "3990f87d4e900fe7b5b6d585bb067adc",
            "provider_transaction_id": "624e3338-bf66-41b7-945a-06a879763966",
            "normalised_provider_transaction_id": "txn-1df8b997e0e8c8226",
            "meta": {
                "provider_merchant_name": "Virendra Vyas",
                "provider_category": "ON_US_PAY_ME",
                "transaction_type": "Credit",
                "provider_id": "624e3338-bf66-41b7-945a-06a879763966"
            },
            "generalCategory": "Savings",
            "subCategory": "Savings Transfer",
            "domainDescription": "This transaction represents a transfer of funds from an Easy Saver account, indicating a movement of savings."
        },
        {
            "timestamp": "2025-09-29T21:30:16Z",
            "description": "Angel Wholesale",
            "transaction_type": "DEBIT",
            "transaction_category": "PURCHASE",
            "transaction_classification": [],
            "amount": -27,
            "currency": "GBP",
            "transaction_id": "94e34cba1b907b81a0785dbd378b0f68",
            "provider_transaction_id": "620a6961-5339-4f03-b8b0-b67f68419896",
            "normalised_provider_transaction_id": "txn-6daa42659b516e570",
            "meta": {
                "provider_merchant_name": "Uksm_angelwholesale",
                "provider_category": "MASTER_CARD",
                "transaction_type": "Debit",
                "provider_id": "620a6961-5339-4f03-b8b0-b67f68419896"
            },
            "generalCategory": "Shopping",
            "subCategory": "Wholesale Purchases",
            "domainDescription": "This transaction represents a purchase made at Angel Wholesale, indicating a shopping expense."
        },
        {
            "timestamp": "2025-09-29T21:29:38.019Z",
            "description": "Transfer from Easy Saver",
            "transaction_type": "CREDIT",
            "transaction_category": "OTHER",
            "transaction_classification": [],
            "amount": 30,
            "currency": "GBP",
            "transaction_id": "d5f7fc25e25b3aadfbe863b1ba374260",
            "provider_transaction_id": "620999a3-8b7b-4570-881f-9e6a5f658911",
            "normalised_provider_transaction_id": "txn-afd016188aeb703ef",
            "meta": {
                "provider_merchant_name": "Virendra Vyas",
                "provider_category": "ON_US_PAY_ME",
                "transaction_type": "Credit",
                "provider_id": "620999a3-8b7b-4570-881f-9e6a5f658911"
            },
            "generalCategory": "Savings",
            "subCategory": "Savings Transfer",
            "domainDescription": "This transaction represents a transfer of funds from an Easy Saver account, indicating a movement of savings."
        },
        {
            "timestamp": "2025-09-28T17:25:23.113Z",
            "description": "Transfer into Easy Saver",
            "transaction_type": "DEBIT",
            "transaction_category": "OTHER",
            "transaction_classification": [],
            "amount": -130,
            "currency": "GBP",
            "transaction_id": "67c142ba2e9882806b72d266b577491a",
            "provider_transaction_id": "5b75e402-648e-4f2b-a2a0-d7c334c891db",
            "normalised_provider_transaction_id": "txn-328ba23fbc6773e0e",
            "meta": {
                "provider_merchant_name": "Virendra Vyas",
                "provider_category": "ON_US_PAY_ME",
                "transaction_type": "Debit",
                "provider_id": "5b75e402-648e-4f2b-a2a0-d7c334c891db"
            },
            "generalCategory": "Savings",
            "subCategory": "Savings Account Transfer",
            "domainDescription": "This transaction represents a transfer of funds into a savings account, indicating a focus on saving money."
        },
        {
            "timestamp": "2025-09-28T17:24:55.455Z",
            "description": "Transfer from Easy Saver",
            "transaction_type": "CREDIT",
            "transaction_category": "OTHER",
            "transaction_classification": [],
            "amount": 100,
            "currency": "GBP",
            "transaction_id": "97695cd5086805a660661547e1ced772",
            "provider_transaction_id": "5b74a012-c13b-4008-b87d-101d51b668ec",
            "normalised_provider_transaction_id": "txn-af8de806b3e714f6d",
            "meta": {
                "provider_merchant_name": "Virendra Vyas",
                "provider_category": "ON_US_PAY_ME",
                "transaction_type": "Credit",
                "provider_id": "5b74a012-c13b-4008-b87d-101d51b668ec"
            },
            "generalCategory": "Savings",
            "subCategory": "Savings Transfer",
            "domainDescription": "This transaction represents a transfer of funds from an Easy Saver account, indicating a movement of savings."
        },
        {
            "timestamp": "2025-09-28T17:24:26.208Z",
            "description": "Return",
            "transaction_type": "DEBIT",
            "transaction_category": "TRANSFER",
            "transaction_classification": [],
            "amount": -170,
            "currency": "GBP",
            "transaction_id": "a8cb6e19c90ce0d1caf1067188a95b98",
            "provider_transaction_id": "5b74bc25-3fe3-4f51-99df-655db3f9c718",
            "normalised_provider_transaction_id": "txn-e9167a3cd30125b97",
            "meta": {
                "provider_merchant_name": "Aarohi Vyas",
                "provider_category": "FASTER_PAYMENTS_OUT",
                "transaction_type": "Debit",
                "provider_id": "5b74bc25-3fe3-4f51-99df-655db3f9c718",
                "counter_party_preferred_name": "Lloyds Bank account"
            },
            "generalCategory": "Miscellaneous",
            "subCategory": "Transfer",
            "domainDescription": "This transaction represents a return of funds, indicating a reversal of a previous payment or transfer."
        },
        {
            "timestamp": "2025-09-27T19:25:45Z",
            "description": "WM MORRISONS STORE",
            "transaction_type": "DEBIT",
            "transaction_category": "PURCHASE",
            "transaction_classification": [],
            "amount": -9.2,
            "currency": "GBP",
            "transaction_id": "8b322184b72b843763ef4737c332b185",
            "provider_transaction_id": "564d1f98-dc84-4ca7-a905-493128ee324d",
            "normalised_provider_transaction_id": "txn-03a3661564c9e7451",
            "meta": {
                "provider_merchant_name": "Morrisons",
                "provider_category": "MASTER_CARD",
                "transaction_type": "Debit",
                "provider_id": "564d1f98-dc84-4ca7-a905-493128ee324d"
            },
            "generalCategory": "Shopping",
            "subCategory": "Groceries",
            "domainDescription": "This transaction represents a purchase made at WM Morrisons Store, indicating a grocery shopping expense."
        },
        {
            "timestamp": "2025-09-27T18:16:02Z",
            "description": "GREAT GLEN",
            "transaction_type": "DEBIT",
            "transaction_category": "PURCHASE",
            "transaction_classification": [],
            "amount": -1.71,
            "currency": "GBP",
            "transaction_id": "4a3e88e2222e057c39c2c55a5bd3b87e",
            "provider_transaction_id": "56086889-0112-42ad-8d0c-223307e4b6d3",
            "normalised_provider_transaction_id": "txn-264d76e919c8b6274",
            "meta": {
                "provider_merchant_name": "The Great Glen",
                "provider_category": "MASTER_CARD",
                "transaction_type": "Debit",
                "provider_id": "56086889-0112-42ad-8d0c-223307e4b6d3"
            },
            "generalCategory": "Shopping",
            "subCategory": "Miscellaneous",
            "domainDescription": "This transaction appears to be a purchase at a location named GREAT GLEN, likely for miscellaneous items."
        },
        {
            "timestamp": "2025-09-27T13:53:42Z",
            "description": "SIGMAPM LTD - IPS",
            "transaction_type": "DEBIT",
            "transaction_category": "PURCHASE",
            "transaction_classification": [],
            "amount": -1,
            "currency": "GBP",
            "transaction_id": "9b4603fcfdfbb2f17220ff725e30b188",
            "provider_transaction_id": "550172e7-9039-4bf6-9420-12cd9a9511e6",
            "normalised_provider_transaction_id": "txn-447a42f9a9635e27c",
            "meta": {
                "provider_merchant_name": "Sigmapm",
                "provider_category": "MASTER_CARD",
                "transaction_type": "Debit",
                "provider_id": "550172e7-9039-4bf6-9420-12cd9a9511e6"
            },
            "generalCategory": "Shopping",
            "subCategory": "Miscellaneous Purchases",
            "domainDescription": "This transaction represents a purchase made from SIGMAPM LTD, categorized under shopping for miscellaneous items."
        },
        {
            "timestamp": "2025-09-27T13:13:34Z",
            "description": "SHELL FORT WILLIAM",
            "transaction_type": "DEBIT",
            "transaction_category": "PURCHASE",
            "transaction_classification": [],
            "amount": -2,
            "currency": "GBP",
            "transaction_id": "ca46e4771e77889b9b520a3ddf8a5b5c",
            "provider_transaction_id": "54d93eca-2a8d-4e4d-a37e-252ec618d790",
            "normalised_provider_transaction_id": "txn-7de6a69e7d1e6db79",
            "meta": {
                "provider_merchant_name": "Shell",
                "provider_category": "MASTER_CARD",
                "transaction_type": "Debit",
                "provider_id": "54d93eca-2a8d-4e4d-a37e-252ec618d790"
            },
            "generalCategory": "Transportation",
            "subCategory": "Fuel",
            "domainDescription": "This transaction represents a purchase of fuel at a Shell station in Fort William."
        },
        {
            "timestamp": "2025-09-26T20:32:03Z",
            "description": "CO-OP GROUP FOOD",
            "transaction_type": "DEBIT",
            "transaction_category": "PURCHASE",
            "transaction_classification": [],
            "amount": -5,
            "currency": "GBP",
            "transaction_id": "daea8daba7ec5cd813205cfa833e6cc7",
            "provider_transaction_id": "50f00b9b-8007-4148-bbb8-53065b7103fc",
            "normalised_provider_transaction_id": "txn-92721d8896e0a4463",
            "meta": {
                "provider_merchant_name": "Co-op",
                "provider_category": "MASTER_CARD",
                "transaction_type": "Debit",
                "provider_id": "50f00b9b-8007-4148-bbb8-53065b7103fc"
            },
            "generalCategory": "Food & Dining",
            "subCategory": "Groceries",
            "domainDescription": "This transaction represents a purchase made at CO-OP GROUP for food items."
        },
        {
            "timestamp": "2025-09-26T08:20:37.489Z",
            "description": "PBB00015421786",
            "transaction_type": "DEBIT",
            "transaction_category": "TRANSFER",
            "transaction_classification": [],
            "amount": -30,
            "currency": "GBP",
            "transaction_id": "86b850503cd0d30be95ecfb122ebd4ea",
            "provider_transaction_id": "4e14c26a-1e2a-42ef-ba50-c24ecccd46b8",
            "normalised_provider_transaction_id": "txn-3aafbee806e25f74f",
            "meta": {
                "provider_merchant_name": "Capital One",
                "provider_category": "FASTER_PAYMENTS_OUT",
                "transaction_type": "Debit",
                "provider_id": "4e14c26a-1e2a-42ef-ba50-c24ecccd46b8",
                "counter_party_preferred_name": "Account"
            },
            "generalCategory": "Miscellaneous",
            "subCategory": "Transfer",
            "domainDescription": "This transaction represents a debit transfer, indicating a movement of funds from one account to another."
        },
        {
            "timestamp": "2025-09-26T08:15:45.863Z",
            "description": "return",
            "transaction_type": "DEBIT",
            "transaction_category": "TRANSFER",
            "transaction_classification": [],
            "amount": -20,
            "currency": "GBP",
            "transaction_id": "43e7eb9bcd21b4157a7200f6f080d0ce",
            "provider_transaction_id": "4e0f89bc-b2d5-4b94-9397-294ab91d0da8",
            "normalised_provider_transaction_id": "txn-b639d966070efc5e9",
            "meta": {
                "provider_merchant_name": "Virendra Vyas",
                "provider_category": "FASTER_PAYMENTS_OUT",
                "transaction_type": "Debit",
                "provider_id": "4e0f89bc-b2d5-4b94-9397-294ab91d0da8",
                "counter_party_preferred_name": "GB Account"
            },
            "generalCategory": "Miscellaneous",
            "subCategory": "Transfers",
            "domainDescription": "This transaction represents a return of funds, indicating a reversal of a previous payment or transfer."
        },
        {
            "timestamp": "2025-09-25T21:10:31Z",
            "description": "ADA RESTAURANT",
            "transaction_type": "DEBIT",
            "transaction_category": "PURCHASE",
            "transaction_classification": [],
            "amount": -6,
            "currency": "GBP",
            "transaction_id": "100226308bf6f56e5a8a5c5eecddaae0",
            "provider_transaction_id": "4b764d51-0ea4-4395-aba4-daad0e4244a5",
            "normalised_provider_transaction_id": "txn-74cbf9469a026479b",
            "meta": {
                "provider_merchant_name": "Ada Restaurant",
                "provider_category": "MASTER_CARD",
                "transaction_type": "Debit",
                "provider_id": "4b764d51-0ea4-4395-aba4-daad0e4244a5"
            },
            "generalCategory": "Food & Dining",
            "subCategory": "Restaurant",
            "domainDescription": "This transaction represents a purchase made at ADA RESTAURANT, indicating a dining expense."
        },
        {
            "timestamp": "2025-09-25T11:21:10.642Z",
            "description": "PID",
            "transaction_type": "DEBIT",
            "transaction_category": "TRANSFER",
            "transaction_classification": [],
            "amount": -700,
            "currency": "GBP",
            "transaction_id": "afa0f7a31ad2837e96425c7ad2203542",
            "provider_transaction_id": "4929b537-ee85-4ca9-b826-aee45f95c3c1",
            "normalised_provider_transaction_id": "txn-a08a3dfbd2781ec5b",
            "meta": {
                "provider_merchant_name": "Payal Dhavale",
                "provider_category": "FASTER_PAYMENTS_OUT",
                "transaction_type": "Debit",
                "provider_id": "4929b537-ee85-4ca9-b826-aee45f95c3c1",
                "counter_party_preferred_name": "Monzo account"
            },
            "generalCategory": "Miscellaneous",
            "subCategory": "Transfer",
            "domainDescription": "This transaction represents a transfer of funds, indicating a movement of money rather than a purchase or payment for goods or services."
        },
        {
            "timestamp": "2025-09-24T23:13:20.21Z",
            "description": "Transfer into Easy Saver",
            "transaction_type": "DEBIT",
            "transaction_category": "OTHER",
            "transaction_classification": [],
            "amount": -100,
            "currency": "GBP",
            "transaction_id": "ca435e583a5a0bf6efd2da8e4a26d179",
            "provider_transaction_id": "46519847-bf32-4698-841f-cc16e073fcd4",
            "normalised_provider_transaction_id": "txn-804f827a6bf13f234",
            "meta": {
                "provider_merchant_name": "Virendra Vyas",
                "provider_category": "ON_US_PAY_ME",
                "transaction_type": "Debit",
                "provider_id": "46519847-bf32-4698-841f-cc16e073fcd4"
            },
            "generalCategory": "Savings",
            "subCategory": "Savings Transfer",
            "domainDescription": "This transaction represents a transfer of funds into a savings account, indicating a focus on saving money."
        },
        {
            "timestamp": "2025-09-24T23:07:41Z",
            "description": "SAVING",
            "transaction_type": "CREDIT",
            "transaction_category": "TRANSFER",
            "transaction_classification": [],
            "amount": 1450,
            "currency": "GBP",
            "transaction_id": "cd45b0fca3c483e0ffcf9cc56911fb59",
            "provider_transaction_id": "464b3e96-2b8a-4a7a-9895-0e16f1748ea7",
            "normalised_provider_transaction_id": "txn-6ecc7d4491272c3d8",
            "meta": {
                "provider_merchant_name": "Virendra Vyas",
                "provider_category": "FASTER_PAYMENTS_IN",
                "transaction_type": "Credit",
                "provider_id": "464b3e96-2b8a-4a7a-9895-0e16f1748ea7",
                "counter_party_preferred_name": "GB Account"
            },
            "generalCategory": "Savings",
            "subCategory": "Savings Transfer",
            "domainDescription": "This transaction represents a credit transfer into a savings account, indicating an increase in savings."
        },
        {
            "timestamp": "2025-09-23T23:59:59Z",
            "description": "TFL TRAVEL CH",
            "transaction_type": "DEBIT",
            "transaction_category": "PURCHASE",
            "transaction_classification": [],
            "amount": -1.75,
            "currency": "GBP",
            "transaction_id": "16bbe544a385152d2652dfc41107e383",
            "provider_transaction_id": "4469c576-acc1-4896-a8cf-fcda2be42cd3",
            "normalised_provider_transaction_id": "txn-be958c06c71fdb2cd",
            "meta": {
                "provider_merchant_name": "TfL",
                "provider_category": "MASTER_CARD",
                "transaction_type": "Debit",
                "provider_id": "4469c576-acc1-4896-a8cf-fcda2be42cd3"
            },
            "generalCategory": "Transportation",
            "subCategory": "Public Transit",
            "domainDescription": "This transaction represents a debit for travel on the Transport for London (TFL) system, indicating a public transportation expense."
        },
        {
            "timestamp": "2025-09-20T23:59:59Z",
            "description": "TFL TRAVEL CH",
            "transaction_type": "DEBIT",
            "transaction_category": "PURCHASE",
            "transaction_classification": [],
            "amount": -2.9,
            "currency": "GBP",
            "transaction_id": "303976c79c5d9e40e8b3c1b0a121c19a",
            "provider_transaction_id": "3276c0bc-277e-40a5-9140-d4356d71d294",
            "normalised_provider_transaction_id": "txn-2bba512389b628c6f",
            "meta": {
                "provider_merchant_name": "TfL",
                "provider_category": "MASTER_CARD",
                "transaction_type": "Debit",
                "provider_id": "3276c0bc-277e-40a5-9140-d4356d71d294"
            },
            "generalCategory": "Transportation",
            "subCategory": "Public Transit",
            "domainDescription": "This transaction represents a debit for travel on Transport for London (TFL), indicating a fare payment for public transportation."
        },
        {
            "timestamp": "2025-09-19T23:59:59Z",
            "description": "TFL TRAVEL CH",
            "transaction_type": "DEBIT",
            "transaction_category": "PURCHASE",
            "transaction_classification": [],
            "amount": -5.7,
            "currency": "GBP",
            "transaction_id": "0e44ff1b2115bfec1a4d763be811a87a",
            "provider_transaction_id": "2df6d1f1-6fae-4261-8205-05f4039c0500",
            "normalised_provider_transaction_id": "txn-04d97e18c68a4c478",
            "meta": {
                "provider_merchant_name": "TfL",
                "provider_category": "MASTER_CARD",
                "transaction_type": "Debit",
                "provider_id": "2df6d1f1-6fae-4261-8205-05f4039c0500"
            },
            "generalCategory": "Transportation",
            "subCategory": "Public Transport",
            "domainDescription": "This transaction represents a debit for travel expenses on Transport for London (TFL), indicating a fare payment for public transportation."
        },
        {
            "timestamp": "2025-09-18T23:59:59Z",
            "description": "TFL TRAVEL CH",
            "transaction_type": "DEBIT",
            "transaction_category": "PURCHASE",
            "transaction_classification": [],
            "amount": -4,
            "currency": "GBP",
            "transaction_id": "4af16f9068bd891408133ce658bfa96a",
            "provider_transaction_id": "288f4ee3-3073-44d2-a667-351a306305d3",
            "normalised_provider_transaction_id": "txn-8c12b80756d69fdcb",
            "meta": {
                "provider_merchant_name": "TfL",
                "provider_category": "MASTER_CARD",
                "transaction_type": "Debit",
                "provider_id": "288f4ee3-3073-44d2-a667-351a306305d3"
            },
            "generalCategory": "Transportation",
            "subCategory": "Public Transit",
            "domainDescription": "This transaction represents a debit for travel expenses incurred on public transportation with TFL (Transport for London)."
        },
        {
            "timestamp": "2025-09-18T06:15:14Z",
            "description": "TFL TRAVEL CH",
            "transaction_type": "DEBIT",
            "transaction_category": "PURCHASE",
            "transaction_classification": [],
            "amount": -3.5,
            "currency": "GBP",
            "transaction_id": "f2ffc7881d2e9bd2f4487e2ce587853b",
            "provider_transaction_id": "20974ad3-3a33-47dc-8595-0861c75d6d63",
            "normalised_provider_transaction_id": "txn-82ba6e69de0db329f",
            "meta": {
                "provider_merchant_name": "TfL",
                "provider_category": "MASTER_CARD",
                "transaction_type": "Debit",
                "provider_id": "20974ad3-3a33-47dc-8595-0861c75d6d63"
            },
            "generalCategory": "Transportation",
            "subCategory": "Public Transit",
            "domainDescription": "This transaction represents a debit for travel on Transport for London (TFL), indicating a public transportation expense."
        },
        {
            "timestamp": "2025-09-17T15:43:29.255Z",
            "description": "Transfer from Easy Saver",
            "transaction_type": "CREDIT",
            "transaction_category": "OTHER",
            "transaction_classification": [],
            "amount": 4,
            "currency": "GBP",
            "transaction_id": "d3f9b315c7f05acf223580b57772b27c",
            "provider_transaction_id": "1d2fac22-0f51-4bb2-a618-cf7ee2b32b61",
            "normalised_provider_transaction_id": "txn-7dcfddcc7df55b91a",
            "meta": {
                "provider_merchant_name": "Virendra Vyas",
                "provider_category": "ON_US_PAY_ME",
                "transaction_type": "Credit",
                "provider_id": "1d2fac22-0f51-4bb2-a618-cf7ee2b32b61"
            },
            "generalCategory": "Savings",
            "subCategory": "Savings Transfer",
            "domainDescription": "This transaction represents a transfer of funds from an Easy Saver account, indicating a movement of savings."
        },
        {
            "timestamp": "2025-09-17T10:24:37Z",
            "description": "SQ *MR FADE BARBER",
            "transaction_type": "DEBIT",
            "transaction_category": "PURCHASE",
            "transaction_classification": [],
            "amount": -22,
            "currency": "GBP",
            "transaction_id": "22882da5b0e66567b1882df1aae3231e",
            "provider_transaction_id": "1bf0bb4a-2605-4235-8277-a4fd63b50a6d",
            "normalised_provider_transaction_id": "txn-a5ffbc7acc53feedf",
            "meta": {
                "provider_merchant_name": "Mr Fade Barber",
                "provider_category": "MASTER_CARD",
                "transaction_type": "Debit",
                "provider_id": "1bf0bb4a-2605-4235-8277-a4fd63b50a6d"
            },
            "generalCategory": "Personal Care",
            "subCategory": "Haircuts",
            "domainDescription": "This transaction represents a payment for a haircut at a barber shop."
        },
        {
            "timestamp": "2025-09-17T09:39:58.093Z",
            "description": "Transfer from Easy Saver",
            "transaction_type": "CREDIT",
            "transaction_category": "OTHER",
            "transaction_classification": [],
            "amount": 5,
            "currency": "GBP",
            "transaction_id": "c074574903f7e2187412aa693df58bdb",
            "provider_transaction_id": "1bc33140-0429-41b8-9f18-25b2bdbfc5f2",
            "normalised_provider_transaction_id": "txn-dd6ac1ceedb383d52",
            "meta": {
                "provider_merchant_name": "Virendra Vyas",
                "provider_category": "ON_US_PAY_ME",
                "transaction_type": "Credit",
                "provider_id": "1bc33140-0429-41b8-9f18-25b2bdbfc5f2"
            },
            "generalCategory": "Savings",
            "subCategory": "Savings Transfer",
            "domainDescription": "This transaction represents a transfer of funds from an Easy Saver account, indicating a movement of savings."
        },
        {
            "timestamp": "2025-09-15T16:24:43Z",
            "description": "UBER *TRAINS",
            "transaction_type": "DEBIT",
            "transaction_category": "PURCHASE",
            "transaction_classification": [],
            "amount": -9.65,
            "currency": "GBP",
            "transaction_id": "2d2d40763da8be0f1efdeb22005d4286",
            "provider_transaction_id": "121891cc-a476-4243-9813-db21753e7e4a",
            "normalised_provider_transaction_id": "txn-8b3720c27d602f584",
            "meta": {
                "provider_merchant_name": "Uber",
                "provider_category": "MASTER_CARD",
                "transaction_type": "Debit",
                "provider_id": "121891cc-a476-4243-9813-db21753e7e4a"
            },
            "generalCategory": "Transportation",
            "subCategory": "Ride Sharing",
            "domainDescription": "This transaction represents a payment for a ride service provided by Uber, indicating transportation expenses."
        },
        {
            "timestamp": "2025-09-15T15:12:07Z",
            "description": "STAGECOACH SERVICES",
            "transaction_type": "DEBIT",
            "transaction_category": "PURCHASE",
            "transaction_classification": [],
            "amount": -1,
            "currency": "GBP",
            "transaction_id": "c181d7a34edbde92e4f26bee17d553d8",
            "provider_transaction_id": "11d0e7b0-7b7d-4b27-b9a3-29bc33600ef2",
            "normalised_provider_transaction_id": "txn-d6ebad2534177fd2e",
            "meta": {
                "provider_merchant_name": "Stagecoach",
                "provider_category": "MASTER_CARD",
                "transaction_type": "Debit",
                "provider_id": "11d0e7b0-7b7d-4b27-b9a3-29bc33600ef2"
            },
            "generalCategory": "Transportation",
            "subCategory": "Public Transport",
            "domainDescription": "This transaction represents a payment for transportation services provided by Stagecoach, likely for bus or coach travel."
        },
        {
            "timestamp": "2025-09-14T20:30:14.848Z",
            "description": "Transfer from Easy Saver",
            "transaction_type": "CREDIT",
            "transaction_category": "OTHER",
            "transaction_classification": [],
            "amount": 10,
            "currency": "GBP",
            "transaction_id": "d902689d07af4ac66e05fb4f287aff01",
            "provider_transaction_id": "0d6ee5ff-a12e-45dd-be5a-578842ecef7f",
            "normalised_provider_transaction_id": "txn-e199cdadf37a0489d",
            "meta": {
                "provider_merchant_name": "Virendra Vyas",
                "provider_category": "ON_US_PAY_ME",
                "transaction_type": "Credit",
                "provider_id": "0d6ee5ff-a12e-45dd-be5a-578842ecef7f"
            },
            "generalCategory": "Savings",
            "subCategory": "Savings Transfer",
            "domainDescription": "This transaction represents a transfer of funds from an Easy Saver account, indicating a movement of savings."
        },
        {
            "timestamp": "2025-09-14T20:29:55Z",
            "description": "HALFORDS E.COMM",
            "transaction_type": "DEBIT",
            "transaction_category": "PURCHASE",
            "transaction_classification": [],
            "amount": -18.5,
            "currency": "GBP",
            "transaction_id": "db4f593d9c3f7b276e0c6c5ce0bad091",
            "provider_transaction_id": "0d6dd4cc-0fee-4397-b543-de7947d38a74",
            "normalised_provider_transaction_id": "txn-155cbf6c3ec33750d",
            "meta": {
                "provider_merchant_name": "Halfords",
                "provider_category": "MASTER_CARD",
                "transaction_type": "Debit",
                "provider_id": "0d6dd4cc-0fee-4397-b543-de7947d38a74"
            },
            "generalCategory": "Shopping",
            "subCategory": "Automotive",
            "domainDescription": "This transaction is a purchase made at Halfords, a retailer specializing in automotive products and accessories."
        },
        {
            "timestamp": "2025-09-14T14:24:15Z",
            "description": "STAGECOACH SERVICES",
            "transaction_type": "DEBIT",
            "transaction_category": "PURCHASE",
            "transaction_classification": [],
            "amount": -4,
            "currency": "GBP",
            "transaction_id": "6176be770376dfe6e67630f3d5337923",
            "provider_transaction_id": "0c00396e-ca57-4810-9cab-d6fe80a11fdc",
            "normalised_provider_transaction_id": "txn-9a0c25a93b799654e",
            "meta": {
                "provider_merchant_name": "Stagecoach",
                "provider_category": "MASTER_CARD",
                "transaction_type": "Debit",
                "provider_id": "0c00396e-ca57-4810-9cab-d6fe80a11fdc"
            },
            "generalCategory": "Transportation",
            "subCategory": "Public Transport",
            "domainDescription": "This transaction represents a payment for public transport services provided by Stagecoach. It is categorized under transportation expenses."
        },
        {
            "timestamp": "2025-09-14T11:18:04.048Z",
            "description": "Transfer from Easy Saver",
            "transaction_type": "CREDIT",
            "transaction_category": "OTHER",
            "transaction_classification": [],
            "amount": 40,
            "currency": "GBP",
            "transaction_id": "e0622eb47ce2574262ba3c3b92f39adf",
            "provider_transaction_id": "0b46a5d9-8546-49c8-a165-a3346dc86347",
            "normalised_provider_transaction_id": "txn-c1b07570604c33cde",
            "meta": {
                "provider_merchant_name": "Virendra Vyas",
                "provider_category": "ON_US_PAY_ME",
                "transaction_type": "Credit",
                "provider_id": "0b46a5d9-8546-49c8-a165-a3346dc86347"
            },
            "generalCategory": "Savings",
            "subCategory": "Savings Transfer",
            "domainDescription": "This transaction represents a transfer of funds from an Easy Saver account, indicating a movement of savings."
        },
        {
            "timestamp": "2025-09-13T16:42:56Z",
            "description": "SAINSBURYS S/MKTS",
            "transaction_type": "DEBIT",
            "transaction_category": "PURCHASE",
            "transaction_classification": [],
            "amount": -4.98,
            "currency": "GBP",
            "transaction_id": "430b6d37c38b68404b7b6b2e38776162",
            "provider_transaction_id": "06ea953a-d9d5-4eae-881e-35a791a66641",
            "normalised_provider_transaction_id": "txn-caccb0acaf576e02c",
            "meta": {
                "provider_merchant_name": "Sainsbury's",
                "provider_category": "MASTER_CARD",
                "transaction_type": "Debit",
                "provider_id": "06ea953a-d9d5-4eae-881e-35a791a66641"
            },
            "generalCategory": "Shopping",
            "subCategory": "Groceries",
            "domainDescription": "This transaction represents a purchase made at Sainsbury's supermarket for grocery items."
        },
        {
            "timestamp": "2025-09-13T11:47:31.143Z",
            "description": "TFL TRAVEL RE",
            "transaction_type": "CREDIT",
            "transaction_category": "PURCHASE",
            "transaction_classification": [],
            "amount": 12.8,
            "currency": "GBP",
            "transaction_id": "f82797fbaa7b2c02e08e1f0b04591a8d",
            "provider_transaction_id": "05c3a5a3-d218-498c-a2b4-38503269d7c5",
            "normalised_provider_transaction_id": "txn-b78b48e81502910f3",
            "meta": {
                "provider_merchant_name": "TfL",
                "provider_category": "MASTER_CARD",
                "transaction_type": "Credit",
                "provider_id": "05c3a5a3-d218-498c-a2b4-38503269d7c5"
            },
            "generalCategory": "Transportation",
            "subCategory": "Public Transit",
            "domainDescription": "This transaction represents a credit for travel expenses related to public transportation, specifically with TFL (Transport for London)."
        },
        {
            "timestamp": "2025-09-11T19:21:19Z",
            "description": "TESCO STORES 2450",
            "transaction_type": "DEBIT",
            "transaction_category": "PURCHASE",
            "transaction_classification": [],
            "amount": -113.24,
            "currency": "GBP",
            "transaction_id": "420fcb68ac60be2ecb7aa31c43fd6d5c",
            "provider_transaction_id": "fc497ba5-de5d-4224-a267-b9866fe85136",
            "normalised_provider_transaction_id": "txn-b0d28a43450a6e210",
            "meta": {
                "provider_merchant_name": "Tesco",
                "provider_category": "MASTER_CARD",
                "transaction_type": "Debit",
                "provider_id": "fc497ba5-de5d-4224-a267-b9866fe85136"
            },
            "generalCategory": "Shopping",
            "subCategory": "Groceries",
            "domainDescription": "This transaction represents a purchase made at TESCO STORES, indicating a grocery shopping expense."
        },
        {
            "timestamp": "2025-09-11T19:19:40.736Z",
            "description": "Transfer from Easy Saver",
            "transaction_type": "CREDIT",
            "transaction_category": "OTHER",
            "transaction_classification": [],
            "amount": 5,
            "currency": "GBP",
            "transaction_id": "f4f676ff847afea3d7f0152b81d255f7",
            "provider_transaction_id": "fc471a96-78d5-4797-add6-e635bb5be1fd",
            "normalised_provider_transaction_id": "txn-cf574a5955cdc71fd",
            "meta": {
                "provider_merchant_name": "Virendra Vyas",
                "provider_category": "ON_US_PAY_ME",
                "transaction_type": "Credit",
                "provider_id": "fc471a96-78d5-4797-add6-e635bb5be1fd"
            },
            "generalCategory": "Savings",
            "subCategory": "Savings Transfer",
            "domainDescription": "This transaction represents a transfer of funds from an Easy Saver account, indicating a movement of savings."
        },
        {
            "timestamp": "2025-09-11T19:18:59.295Z",
            "description": "Transfer from Easy Saver",
            "transaction_type": "CREDIT",
            "transaction_category": "OTHER",
            "transaction_classification": [],
            "amount": 100,
            "currency": "GBP",
            "transaction_id": "7fb299f61924245061f9f98fd364d169",
            "provider_transaction_id": "fc46cb25-39d9-41e9-9063-e0b3e9f7762f",
            "normalised_provider_transaction_id": "txn-7b8438b40b1389dea",
            "meta": {
                "provider_merchant_name": "Virendra Vyas",
                "provider_category": "ON_US_PAY_ME",
                "transaction_type": "Credit",
                "provider_id": "fc46cb25-39d9-41e9-9063-e0b3e9f7762f"
            },
            "generalCategory": "Savings",
            "subCategory": "Savings Transfer",
            "domainDescription": "This transaction represents a transfer of funds from an Easy Saver account, indicating a movement of savings."
        },
        {
            "timestamp": "2025-09-10T17:16:47.529Z",
            "description": "Transfer from Easy Saver",
            "transaction_type": "CREDIT",
            "transaction_category": "OTHER",
            "transaction_classification": [],
            "amount": 10,
            "currency": "GBP",
            "transaction_id": "c8a63939d9afd9d15c1d29c448bbee83",
            "provider_transaction_id": "f62c66bf-7e6d-4d35-9742-da725306df2c",
            "normalised_provider_transaction_id": "txn-55cf264b0906645c2",
            "meta": {
                "provider_merchant_name": "Virendra Vyas",
                "provider_category": "ON_US_PAY_ME",
                "transaction_type": "Credit",
                "provider_id": "f62c66bf-7e6d-4d35-9742-da725306df2c"
            },
            "generalCategory": "Savings",
            "subCategory": "Savings Transfer",
            "domainDescription": "This transaction represents a transfer of funds from an Easy Saver account, indicating a movement of savings."
        },
        {
            "timestamp": "2025-09-10T17:06:28Z",
            "description": "PINK BERRY CARS.COM",
            "transaction_type": "DEBIT",
            "transaction_category": "PURCHASE",
            "transaction_classification": [],
            "amount": -209,
            "currency": "GBP",
            "transaction_id": "b6b0a263d4a1b237fa49872356967e22",
            "provider_transaction_id": "f622e5d9-a873-4830-a9f0-ca3760b5ffb1",
            "normalised_provider_transaction_id": "txn-18b4a889b8afa5cc1",
            "meta": {
                "provider_merchant_name": "Pink Berry Cars",
                "provider_category": "MASTER_CARD",
                "transaction_type": "Debit",
                "provider_id": "f622e5d9-a873-4830-a9f0-ca3760b5ffb1"
            },
            "generalCategory": "Transportation",
            "subCategory": "Vehicle Expenses",
            "domainDescription": "This transaction represents a purchase related to vehicle expenses, likely for car maintenance or services."
        },
        {
            "timestamp": "2025-09-10T16:59:22Z",
            "description": "TFL TRAVEL CH",
            "transaction_type": "DEBIT",
            "transaction_category": "PURCHASE",
            "transaction_classification": [],
            "amount": -12.8,
            "currency": "GBP",
            "transaction_id": "ddec83d91794780894fe82b667299d24",
            "provider_transaction_id": "f61bffac-6aa4-476d-bcf3-8f027bf69b31",
            "normalised_provider_transaction_id": "txn-24af4787712ba8295",
            "meta": {
                "provider_merchant_name": "TfL",
                "provider_category": "MASTER_CARD",
                "transaction_type": "Debit",
                "provider_id": "f61bffac-6aa4-476d-bcf3-8f027bf69b31"
            },
            "generalCategory": "Transportation",
            "subCategory": "Public Transport",
            "domainDescription": "This transaction represents a debit for travel expenses on public transport, specifically for TFL (Transport for London)."
        },
        {
            "timestamp": "2025-09-10T13:23:06Z",
            "description": "SUSSEX CARS* CPT",
            "transaction_type": "DEBIT",
            "transaction_category": "PURCHASE",
            "transaction_classification": [],
            "amount": -6.3,
            "currency": "GBP",
            "transaction_id": "29b09306c872b7d3248767ad6b66665f",
            "provider_transaction_id": "f5436b3f-36d8-413d-8d70-1067b2f60d80",
            "normalised_provider_transaction_id": "txn-7c8703ec410ade427",
            "meta": {
                "provider_merchant_name": "Icabbi Uk",
                "provider_category": "MASTER_CARD",
                "transaction_type": "Debit",
                "provider_id": "f5436b3f-36d8-413d-8d70-1067b2f60d80"
            },
            "generalCategory": "Transportation",
            "subCategory": "Taxi Services",
            "domainDescription": "This transaction represents a payment for taxi services provided by Sussex Cars."
        },
        {
            "timestamp": "2025-09-10T13:19:49.707Z",
            "description": "Transfer from Easy Saver",
            "transaction_type": "CREDIT",
            "transaction_category": "OTHER",
            "transaction_classification": [],
            "amount": 10,
            "currency": "GBP",
            "transaction_id": "a3655369828d8daad9e16e4c8e197785",
            "provider_transaction_id": "f53fe58e-5778-4096-b444-92fc82eccb50",
            "normalised_provider_transaction_id": "txn-aeb7a3bf5c21c70da",
            "meta": {
                "provider_merchant_name": "Virendra Vyas",
                "provider_category": "ON_US_PAY_ME",
                "transaction_type": "Credit",
                "provider_id": "f53fe58e-5778-4096-b444-92fc82eccb50"
            },
            "generalCategory": "Savings",
            "subCategory": "Savings Transfer",
            "domainDescription": "This transaction represents a transfer of funds from an Easy Saver account, indicating a movement of savings."
        },
        {
            "timestamp": "2025-09-09T19:21:44.262Z",
            "description": "Transfer into Easy Saver",
            "transaction_type": "DEBIT",
            "transaction_category": "OTHER",
            "transaction_classification": [],
            "amount": -34,
            "currency": "GBP",
            "transaction_id": "addb70a63eb3d17a333bc5c26a2524c1",
            "provider_transaction_id": "f1091e5c-e7e1-499f-99a5-cc212aaf345c",
            "normalised_provider_transaction_id": "txn-e4868262d1f80abc5",
            "meta": {
                "provider_merchant_name": "Virendra Vyas",
                "provider_category": "ON_US_PAY_ME",
                "transaction_type": "Debit",
                "provider_id": "f1091e5c-e7e1-499f-99a5-cc212aaf345c"
            },
            "generalCategory": "Savings",
            "subCategory": "Savings Transfer",
            "domainDescription": "This transaction represents a transfer of funds into a savings account, indicating a focus on saving money."
        },
        {
            "timestamp": "2025-09-09T18:07:22Z",
            "description": "STAGECOACH SERVICES",
            "transaction_type": "DEBIT",
            "transaction_category": "PURCHASE",
            "transaction_classification": [],
            "amount": -1,
            "currency": "GBP",
            "transaction_id": "3caeb82af89d3469b7d8fe9ab1cbc356",
            "provider_transaction_id": "f0bf0a6d-ea1e-4062-bdc6-cb828811f106",
            "normalised_provider_transaction_id": "txn-fa0533e29b2b38eb0",
            "meta": {
                "provider_merchant_name": "Stagecoach",
                "provider_category": "MASTER_CARD",
                "transaction_type": "Debit",
                "provider_id": "f0bf0a6d-ea1e-4062-bdc6-cb828811f106"
            },
            "generalCategory": "Transportation",
            "subCategory": "Public Transport",
            "domainDescription": "This transaction represents a payment for stagecoach services, likely for bus or coach travel."
        },
        {
            "timestamp": "2025-09-09T16:58:00.696Z",
            "description": "Transfer from Easy Saver",
            "transaction_type": "CREDIT",
            "transaction_category": "OTHER",
            "transaction_classification": [],
            "amount": 50,
            "currency": "GBP",
            "transaction_id": "3fc0a6ed1a92a9eecdfba6a63e3fec85",
            "provider_transaction_id": "f07a6a7f-6d62-4e60-8ba9-f563a96bc26c",
            "normalised_provider_transaction_id": "txn-7f0c07ef47df0e6ed",
            "meta": {
                "provider_merchant_name": "Virendra Vyas",
                "provider_category": "ON_US_PAY_ME",
                "transaction_type": "Credit",
                "provider_id": "f07a6a7f-6d62-4e60-8ba9-f563a96bc26c"
            },
            "generalCategory": "Savings",
            "subCategory": "Savings Transfer",
            "domainDescription": "This transaction represents a transfer of funds from an Easy Saver account, indicating a movement of savings."
        },
        {
            "timestamp": "2025-09-09T16:10:30.841Z",
            "description": "Transfer into Easy Saver",
            "transaction_type": "DEBIT",
            "transaction_category": "OTHER",
            "transaction_classification": [],
            "amount": -130,
            "currency": "GBP",
            "transaction_id": "e1f70cf7f25d65c0ecd8fad0f420e37d",
            "provider_transaction_id": "f04aa52c-044e-4ae5-be71-724366fcef16",
            "normalised_provider_transaction_id": "txn-8fba5cbb2341cce21",
            "meta": {
                "provider_merchant_name": "Virendra Vyas",
                "provider_category": "ON_US_PAY_ME",
                "transaction_type": "Debit",
                "provider_id": "f04aa52c-044e-4ae5-be71-724366fcef16"
            },
            "generalCategory": "Savings",
            "subCategory": "Savings Transfer",
            "domainDescription": "This transaction represents a transfer of funds into a savings account, indicating a focus on saving money."
        },
        {
            "timestamp": "2025-09-09T16:09:44Z",
            "description": "VIRENDRA VYAS",
            "transaction_type": "CREDIT",
            "transaction_category": "TRANSFER",
            "transaction_classification": [],
            "amount": 324.82,
            "currency": "GBP",
            "transaction_id": "50fe5894ceef06ab74d0a3b824699374",
            "provider_transaction_id": "f049513c-6fb4-4cb0-8dec-a80a1a7899ea",
            "normalised_provider_transaction_id": "txn-c5417e5e6ae92e11e",
            "meta": {
                "provider_merchant_name": "Virendra Vyas",
                "provider_category": "FASTER_PAYMENTS_IN",
                "transaction_type": "Credit",
                "provider_id": "f049513c-6fb4-4cb0-8dec-a80a1a7899ea",
                "counter_party_preferred_name": "GB Account"
            },
            "generalCategory": "Income",
            "subCategory": "Transfer",
            "domainDescription": "This transaction represents a credit transfer received from Virendra Vyas, contributing to the overall income."
        },
        {
            "timestamp": "2025-09-08T20:20:43.258Z",
            "description": "CarReservePay",
            "transaction_type": "DEBIT",
            "transaction_category": "TRANSFER",
            "transaction_classification": [],
            "amount": -100,
            "currency": "GBP",
            "transaction_id": "1f8cffedbdbf2cf706891bac370761f0",
            "provider_transaction_id": "eba47446-182b-40b0-8882-04a863eea2bb",
            "normalised_provider_transaction_id": "txn-5a3bdeb45a60dd7d9",
            "meta": {
                "provider_merchant_name": "Trifon Hoxha",
                "provider_category": "FASTER_PAYMENTS_OUT",
                "transaction_type": "Debit",
                "provider_id": "eba47446-182b-40b0-8882-04a863eea2bb",
                "counter_party_preferred_name": "Barclays account"
            },
            "generalCategory": "Transportation",
            "subCategory": "Car Rental",
            "domainDescription": "This transaction represents a payment for a car reservation, indicating a transportation expense."
        },
        {
            "timestamp": "2025-09-08T20:17:25.498Z",
            "description": "Transfer from Easy Saver",
            "transaction_type": "CREDIT",
            "transaction_category": "OTHER",
            "transaction_classification": [],
            "amount": 100,
            "currency": "GBP",
            "transaction_id": "c76cf9af4ac14688ca5b546b7d8e7818",
            "provider_transaction_id": "eba1ba53-11d9-42be-a2cf-3691e37698af",
            "normalised_provider_transaction_id": "txn-49557f8d757d7c101",
            "meta": {
                "provider_merchant_name": "Virendra Vyas",
                "provider_category": "ON_US_PAY_ME",
                "transaction_type": "Credit",
                "provider_id": "eba1ba53-11d9-42be-a2cf-3691e37698af"
            },
            "generalCategory": "Savings",
            "subCategory": "Transfer",
            "domainDescription": "This transaction represents a transfer of funds from an Easy Saver account, indicating a movement of savings."
        },
        {
            "timestamp": "2025-09-08T14:46:28.891Z",
            "description": "Transfer into Easy Saver",
            "transaction_type": "DEBIT",
            "transaction_category": "OTHER",
            "transaction_classification": [],
            "amount": -19,
            "currency": "GBP",
            "transaction_id": "3d76cca6a07b7c23b34939313c238883",
            "provider_transaction_id": "ea563022-3982-469d-95e1-3614fbc3a807",
            "normalised_provider_transaction_id": "txn-2af85db1fdd6fbeee",
            "meta": {
                "provider_merchant_name": "Virendra Vyas",
                "provider_category": "ON_US_PAY_ME",
                "transaction_type": "Debit",
                "provider_id": "ea563022-3982-469d-95e1-3614fbc3a807"
            },
            "generalCategory": "Savings",
            "subCategory": "Savings Account Transfer",
            "domainDescription": "This transaction represents a debit transfer into an Easy Saver account, indicating a movement of funds aimed at saving."
        },
        {
            "timestamp": "2025-09-06T17:54:46Z",
            "description": "SAINSBURYS S/MKTS",
            "transaction_type": "DEBIT",
            "transaction_category": "PURCHASE",
            "transaction_classification": [],
            "amount": -1.5,
            "currency": "GBP",
            "transaction_id": "3eb26736febaf379e3fec6b08827adc0",
            "provider_transaction_id": "dfd23a47-18f7-43bd-b979-8db9253cf01c",
            "normalised_provider_transaction_id": "txn-0eba3156e5b312fa3",
            "meta": {
                "provider_merchant_name": "Sainsbury's",
                "provider_category": "MASTER_CARD",
                "transaction_type": "Debit",
                "provider_id": "dfd23a47-18f7-43bd-b979-8db9253cf01c"
            },
            "generalCategory": "Shopping",
            "subCategory": "Groceries",
            "domainDescription": "This transaction represents a purchase made at Sainsbury's supermarket, indicating a grocery shopping expense."
        },
        {
            "timestamp": "2025-09-06T17:51:48Z",
            "description": "SAINSBURYS S/MKTS",
            "transaction_type": "DEBIT",
            "transaction_category": "PURCHASE",
            "transaction_classification": [],
            "amount": -0.52,
            "currency": "GBP",
            "transaction_id": "2f2a58bc33cfbc4ddac791fabc091faa",
            "provider_transaction_id": "dfcf9293-628a-4e5f-8e61-ac770f183fd4",
            "normalised_provider_transaction_id": "txn-83d0fedf4b627895c",
            "meta": {
                "provider_merchant_name": "Sainsbury's",
                "provider_category": "MASTER_CARD",
                "transaction_type": "Debit",
                "provider_id": "dfcf9293-628a-4e5f-8e61-ac770f183fd4"
            },
            "generalCategory": "Shopping",
            "subCategory": "Groceries",
            "domainDescription": "This transaction represents a purchase made at Sainsbury's supermarket, indicating a grocery shopping expense."
        },
        {
            "timestamp": "2025-09-06T17:48:16Z",
            "description": "SAINSBURYS S/MKTS",
            "transaction_type": "DEBIT",
            "transaction_category": "PURCHASE",
            "transaction_classification": [],
            "amount": -5.37,
            "currency": "GBP",
            "transaction_id": "68056f7bd0de653a0d85667d84d7c32b",
            "provider_transaction_id": "dfccb0ac-bddb-4935-a664-9c28405cb7ff",
            "normalised_provider_transaction_id": "txn-46b35e5365afad75c",
            "meta": {
                "provider_merchant_name": "Sainsbury's",
                "provider_category": "MASTER_CARD",
                "transaction_type": "Debit",
                "provider_id": "dfccb0ac-bddb-4935-a664-9c28405cb7ff"
            },
            "generalCategory": "Shopping",
            "subCategory": "Groceries",
            "domainDescription": "This transaction represents a purchase made at Sainsbury's supermarket for grocery items."
        },
        {
            "timestamp": "2025-09-06T17:32:38Z",
            "description": "Krishna Supermarket Li",
            "transaction_type": "DEBIT",
            "transaction_category": "PURCHASE",
            "transaction_classification": [],
            "amount": -3,
            "currency": "GBP",
            "transaction_id": "a152ed8e6cf5b4c2d154051bae42c143",
            "provider_transaction_id": "dfbc2421-69ef-426c-83b6-1250e31ede25",
            "normalised_provider_transaction_id": "txn-40182d0a7a5f3e32c",
            "meta": {
                "provider_merchant_name": "Krishna Supermarket Li",
                "provider_category": "MASTER_CARD",
                "transaction_type": "Debit",
                "provider_id": "dfbc2421-69ef-426c-83b6-1250e31ede25"
            },
            "generalCategory": "Shopping",
            "subCategory": "Groceries",
            "domainDescription": "This transaction represents a purchase made at Krishna Supermarket for grocery items."
        },
        {
            "timestamp": "2025-09-06T17:28:03Z",
            "description": "Krishna Supermarket Li",
            "transaction_type": "DEBIT",
            "transaction_category": "PURCHASE",
            "transaction_classification": [],
            "amount": -17,
            "currency": "GBP",
            "transaction_id": "7568c40d7a5110f479191255e51fe4b0",
            "provider_transaction_id": "dfb873f3-247a-42e7-b760-510243742949",
            "normalised_provider_transaction_id": "txn-00cbcbc3d6dfc3921",
            "meta": {
                "provider_merchant_name": "Krishna Supermarket Li",
                "provider_category": "MASTER_CARD",
                "transaction_type": "Debit",
                "provider_id": "dfb873f3-247a-42e7-b760-510243742949"
            },
            "generalCategory": "Shopping",
            "subCategory": "Groceries",
            "domainDescription": "This transaction represents a purchase made at Krishna Supermarket for grocery items."
        },
        {
            "timestamp": "2025-09-06T12:24:40.942Z",
            "description": "Transfer from Easy Saver",
            "transaction_type": "CREDIT",
            "transaction_category": "OTHER",
            "transaction_classification": [],
            "amount": 30,
            "currency": "GBP",
            "transaction_id": "27dbddc798e3d07f2dbf69743c6a774b",
            "provider_transaction_id": "de887790-b1cf-4302-a2d3-283fefd1c872",
            "normalised_provider_transaction_id": "txn-2294ab59ff6898621",
            "meta": {
                "provider_merchant_name": "Virendra Vyas",
                "provider_category": "ON_US_PAY_ME",
                "transaction_type": "Credit",
                "provider_id": "de887790-b1cf-4302-a2d3-283fefd1c872"
            },
            "generalCategory": "Savings",
            "subCategory": "Transfer",
            "domainDescription": "This transaction represents a transfer of funds from an Easy Saver account, indicating a movement of savings."
        },
        {
            "timestamp": "2025-09-06T11:57:32Z",
            "description": "SAINSBURYS S/MKTS",
            "transaction_type": "DEBIT",
            "transaction_category": "PURCHASE",
            "transaction_classification": [],
            "amount": -3.45,
            "currency": "GBP",
            "transaction_id": "78a1a982ce8983be8cde6c1e88091243",
            "provider_transaction_id": "de6d2918-f852-41d8-8a64-bc91641084f4",
            "normalised_provider_transaction_id": "txn-4c0b944766ea0143b",
            "meta": {
                "provider_merchant_name": "Sainsbury's",
                "provider_category": "MASTER_CARD",
                "transaction_type": "Debit",
                "provider_id": "de6d2918-f852-41d8-8a64-bc91641084f4"
            },
            "generalCategory": "Shopping",
            "subCategory": "Groceries",
            "domainDescription": "This transaction represents a purchase made at Sainsbury's supermarket, indicating a grocery shopping expense."
        },
        {
            "timestamp": "2025-09-06T11:40:33.95Z",
            "description": "Transfer from Easy Saver",
            "transaction_type": "CREDIT",
            "transaction_category": "OTHER",
            "transaction_classification": [],
            "amount": 20,
            "currency": "GBP",
            "transaction_id": "6f2cf896e77489fb5c9531d30692958d",
            "provider_transaction_id": "de5ce64d-a455-4205-b813-eac05ab1fa45",
            "normalised_provider_transaction_id": "txn-a6239a494406a9279",
            "meta": {
                "provider_merchant_name": "Virendra Vyas",
                "provider_category": "ON_US_PAY_ME",
                "transaction_type": "Credit",
                "provider_id": "de5ce64d-a455-4205-b813-eac05ab1fa45"
            },
            "generalCategory": "Savings",
            "subCategory": "Savings Transfer",
            "domainDescription": "This transaction represents a transfer of funds from an Easy Saver account, indicating a movement of savings."
        },
        {
            "timestamp": "2025-09-03T13:56:56Z",
            "description": "OPENAI *CHATGPT SUBSCR",
            "transaction_type": "DEBIT",
            "transaction_category": "PURCHASE",
            "transaction_classification": [],
            "amount": -20,
            "currency": "GBP",
            "transaction_id": "457d4fc82a3902f26839adccb7242025",
            "provider_transaction_id": "ce043cd2-805f-4013-acbf-65b63760c09d",
            "normalised_provider_transaction_id": "txn-0299612a8a7c2bf61",
            "meta": {
                "provider_merchant_name": "OpenAI",
                "provider_category": "MASTER_CARD",
                "transaction_type": "Debit",
                "provider_id": "ce043cd2-805f-4013-acbf-65b63760c09d"
            },
            "generalCategory": "Shopping",
            "subCategory": "Subscriptions",
            "domainDescription": "This transaction represents a subscription payment for the ChatGPT service provided by OpenAI."
        },
        {
            "timestamp": "2025-09-03T13:56:25.945Z",
            "description": "Transfer from Easy Saver",
            "transaction_type": "CREDIT",
            "transaction_category": "OTHER",
            "transaction_classification": [],
            "amount": 10,
            "currency": "GBP",
            "transaction_id": "577e752a1b45caa4926fb10567374e8a",
            "provider_transaction_id": "ce04f594-6caf-45e4-ba83-e7dd8d4c0afd",
            "normalised_provider_transaction_id": "txn-e2027e7f79e97a651",
            "meta": {
                "provider_merchant_name": "Virendra Vyas",
                "provider_category": "ON_US_PAY_ME",
                "transaction_type": "Credit",
                "provider_id": "ce04f594-6caf-45e4-ba83-e7dd8d4c0afd"
            },
            "generalCategory": "Savings",
            "subCategory": "Savings Transfer",
            "domainDescription": "This transaction represents a transfer of funds from an Easy Saver account, indicating a movement of savings."
        },
        {
            "timestamp": "2025-09-02T16:59:13Z",
            "description": "STAGECOACH SERVICES",
            "transaction_type": "DEBIT",
            "transaction_category": "PURCHASE",
            "transaction_classification": [],
            "amount": -1,
            "currency": "GBP",
            "transaction_id": "f312f775ac13ac6fa6ffc905b262d708",
            "provider_transaction_id": "c91b4825-39da-461f-b024-b1bf474d079b",
            "normalised_provider_transaction_id": "txn-ff71fec020d1cc1c4",
            "meta": {
                "provider_merchant_name": "Stagecoach",
                "provider_category": "MASTER_CARD",
                "transaction_type": "Debit",
                "provider_id": "c91b4825-39da-461f-b024-b1bf474d079b"
            },
            "generalCategory": "Transportation",
            "subCategory": "Public Transport",
            "domainDescription": "This transaction represents a payment for transportation services provided by Stagecoach, likely for bus or coach travel."
        },
        {
            "timestamp": "2025-09-02T16:37:37Z",
            "description": "TESCO STORES 2450",
            "transaction_type": "DEBIT",
            "transaction_category": "PURCHASE",
            "transaction_classification": [],
            "amount": -39.86,
            "currency": "GBP",
            "transaction_id": "106323123d7aeeaa8c142d3dbe15bf03",
            "provider_transaction_id": "c905fdf2-dc90-481c-9ca9-f9fdda251f6f",
            "normalised_provider_transaction_id": "txn-65d633f7802fbc2fd",
            "meta": {
                "provider_merchant_name": "Tesco",
                "provider_category": "MASTER_CARD",
                "transaction_type": "Debit",
                "provider_id": "c905fdf2-dc90-481c-9ca9-f9fdda251f6f"
            },
            "generalCategory": "Shopping",
            "subCategory": "Groceries",
            "domainDescription": "This transaction reflects a purchase made at TESCO STORES, indicating a grocery shopping expense."
        },
        {
            "timestamp": "2025-09-02T16:37:13.745Z",
            "description": "Transfer from Easy Saver",
            "transaction_type": "CREDIT",
            "transaction_category": "OTHER",
            "transaction_classification": [],
            "amount": 40,
            "currency": "GBP",
            "transaction_id": "4a02c2a478bff9ad08cd38d313ba5c13",
            "provider_transaction_id": "c9053662-4b00-4959-aa99-c39526db3df0",
            "normalised_provider_transaction_id": "txn-6fc15d0a7e63bc907",
            "meta": {
                "provider_merchant_name": "Virendra Vyas",
                "provider_category": "ON_US_PAY_ME",
                "transaction_type": "Credit",
                "provider_id": "c9053662-4b00-4959-aa99-c39526db3df0"
            },
            "generalCategory": "Savings",
            "subCategory": "Savings Transfer",
            "domainDescription": "This transaction represents a transfer of funds from an Easy Saver account, indicating a movement of savings."
        },
        {
            "timestamp": "2025-09-02T15:44:11Z",
            "description": "STAGECOACH SERVICES",
            "transaction_type": "DEBIT",
            "transaction_category": "PURCHASE",
            "transaction_classification": [],
            "amount": -1,
            "currency": "GBP",
            "transaction_id": "1f13fbd90c8780c17b1629ee679d8005",
            "provider_transaction_id": "c8d082bf-64d1-4f15-8cf4-accf863fc320",
            "normalised_provider_transaction_id": "txn-5ee9968feb1329553",
            "meta": {
                "provider_merchant_name": "Stagecoach",
                "provider_category": "MASTER_CARD",
                "transaction_type": "Debit",
                "provider_id": "c8d082bf-64d1-4f15-8cf4-accf863fc320"
            },
            "generalCategory": "Transportation",
            "subCategory": "Public Transport",
            "domainDescription": "This transaction represents a payment for stagecoach services, likely for bus or coach travel."
        },
        {
            "timestamp": "2025-09-01T23:51:28Z",
            "description": "AWS EMEA",
            "transaction_type": "DEBIT",
            "transaction_category": "PURCHASE",
            "transaction_classification": [],
            "amount": -9.19,
            "currency": "GBP",
            "transaction_id": "0552192c18bca8ad396d52bd33fbbf79",
            "provider_transaction_id": "c517d50e-33b5-4ec1-8fd5-0c37f1aed5e5",
            "normalised_provider_transaction_id": "txn-2fb34a03bee6e3555",
            "meta": {
                "provider_merchant_name": "Amazon Web Services",
                "provider_category": "MASTER_CARD",
                "transaction_type": "Debit",
                "provider_id": "c517d50e-33b5-4ec1-8fd5-0c37f1aed5e5"
            },
            "generalCategory": "Business",
            "subCategory": "Cloud Services",
            "domainDescription": "This transaction represents a payment for cloud services provided by AWS (Amazon Web Services) in the EMEA region."
        },
        {
            "timestamp": "2025-09-01T02:02:48.667Z",
            "description": "return",
            "transaction_type": "DEBIT",
            "transaction_category": "TRANSFER",
            "transaction_classification": [],
            "amount": -15,
            "currency": "GBP",
            "transaction_id": "1162445f3e824402fc320038d5c96204",
            "provider_transaction_id": "bffa9bd1-de76-4d7e-8e39-cbff96c5f44b",
            "normalised_provider_transaction_id": "txn-aa0d977f27a965447",
            "meta": {
                "provider_merchant_name": "Virendra Vyas",
                "provider_category": "FASTER_PAYMENTS_OUT",
                "transaction_type": "Debit",
                "provider_id": "bffa9bd1-de76-4d7e-8e39-cbff96c5f44b",
                "counter_party_preferred_name": "GB Account"
            },
            "generalCategory": "Miscellaneous",
            "subCategory": "Returns",
            "domainDescription": "This transaction represents a return of funds, likely for a previous purchase or service. The amount of £15 was debited from the account."
        },
        {
            "timestamp": "2025-08-31T19:08:34Z",
            "description": "SAINSBURYS S/MKTS",
            "transaction_type": "DEBIT",
            "transaction_category": "PURCHASE",
            "transaction_classification": [],
            "amount": -8.55,
            "currency": "GBP",
            "transaction_id": "d87bcc173c2a7577b86a9d69a7129de1",
            "provider_transaction_id": "be5cf44c-397e-4573-ad7d-89874f29d69c",
            "normalised_provider_transaction_id": "txn-ad4d160277822f71f",
            "meta": {
                "provider_merchant_name": "Sainsbury's",
                "provider_category": "MASTER_CARD",
                "transaction_type": "Debit",
                "provider_id": "be5cf44c-397e-4573-ad7d-89874f29d69c"
            },
            "generalCategory": "Shopping",
            "subCategory": "Groceries",
            "domainDescription": "This transaction represents a purchase made at Sainsbury's supermarket, indicating a grocery shopping expense."
        },
        {
            "timestamp": "2025-08-31T19:03:58Z",
            "description": "Londis Eastbourne",
            "transaction_type": "DEBIT",
            "transaction_category": "PURCHASE",
            "transaction_classification": [],
            "amount": -2.97,
            "currency": "GBP",
            "transaction_id": "f5c22c29643eb6a6d4e87b580cc62beb",
            "provider_transaction_id": "be57e7ed-9e70-4ca4-8bc3-5c1be6566fa0",
            "normalised_provider_transaction_id": "txn-38de773d283a85e2e",
            "meta": {
                "provider_merchant_name": "Londis Eastbourne",
                "provider_category": "MASTER_CARD",
                "transaction_type": "Debit",
                "provider_id": "be57e7ed-9e70-4ca4-8bc3-5c1be6566fa0"
            },
            "generalCategory": "Shopping",
            "subCategory": "Groceries",
            "domainDescription": "This transaction represents a purchase made at Londis, a convenience store, indicating a grocery shopping expense."
        },
        {
            "timestamp": "2025-08-28T18:53:05Z",
            "description": "STAGECOACH SERVICES",
            "transaction_type": "DEBIT",
            "transaction_category": "PURCHASE",
            "transaction_classification": [],
            "amount": -2,
            "currency": "GBP",
            "transaction_id": "edb9cb432f7acc6f517c24a10b7320f7",
            "provider_transaction_id": "ad6d7c77-fb0d-4948-b8b0-dcd23b5a49c6",
            "normalised_provider_transaction_id": "txn-7f7b032e2c33f89dc",
            "meta": {
                "provider_merchant_name": "Stagecoach",
                "provider_category": "MASTER_CARD",
                "transaction_type": "Debit",
                "provider_id": "ad6d7c77-fb0d-4948-b8b0-dcd23b5a49c6"
            },
            "generalCategory": "Transportation",
            "subCategory": "Public Transport",
            "domainDescription": "This transaction represents a payment for transportation services provided by Stagecoach, likely for bus or coach travel."
        }
    ],
    "status": "Succeeded"
}